taxonomy_code,grouping
193200000X,Group
193400000X,Group
207K00000X,Allopathic & Osteopathic Physicians
207KA0200X,Allopathic & Osteopathic Physicians
207KI0005X,Allopathic & Osteopathic Physicians
207L00000X,Allopathic & Osteopathic Physicians
207LA0401X,Allopathic & Osteopathic Physicians
207LC0200X,Allopathic & Osteopathic Physicians
207LH0002X,Allopathic & Osteopathic Physicians
207LP2900X,Allopathic & Osteopathic Physicians
207LP3000X,Allopathic & Osteopathic Physicians
208U00000X,Allopathic & Osteopathic Physicians
208C00000X,Allopathic & Osteopathic Physicians
207N00000X,Allopathic & Osteopathic Physicians
207NI0002X,Allopathic & Osteopathic Physicians
207ND0900X,Allopathic & Osteopathic Physicians
207ND0101X,Allopathic & Osteopathic Physicians
207NP0225X,Allopathic & Osteopathic Physicians
207NS0135X,Allopathic & Osteopathic Physicians
204R00000X,Allopathic & Osteopathic Physicians
207P00000X,Allopathic & Osteopathic Physicians
207PE0004X,Allopathic & Osteopathic Physicians
207PH0002X,Allopathic & Osteopathic Physicians
207PT0002X,Allopathic & Osteopathic Physicians
207PP0204X,Allopathic & Osteopathic Physicians
207PS0010X,Allopathic & Osteopathic Physicians
207PE0005X,Allopathic & Osteopathic Physicians
207Q00000X,Allopathic & Osteopathic Physicians
207QA0401X,Allopathic & Osteopathic Physicians
207QA0000X,Allopathic & Osteopathic Physicians
207QA0505X,Allopathic & Osteopathic Physicians
207QG0300X,Allopathic & Osteopathic Physicians
207QH0002X,Allopathic & Osteopathic Physicians
207QB0002X,Allopathic & Osteopathic Physicians
207QS1201X,Allopathic & Osteopathic Physicians
207QS0010X,Allopathic & Osteopathic Physicians
208D00000X,Allopathic & Osteopathic Physicians
208M00000X,Allopathic & Osteopathic Physicians
202C00000X,Allopathic & Osteopathic Physicians
207R00000X,Allopathic & Osteopathic Physicians
207RA0401X,Allopathic & Osteopathic Physicians
207RA0000X,Allopathic & Osteopathic Physicians
207RA0002X,Allopathic & Osteopathic Physicians
207RA0001X,Allopathic & Osteopathic Physicians
207RA0201X,Allopathic & Osteopathic Physicians
207RC0000X,Allopathic & Osteopathic Physicians
207RI0001X,Allopathic & Osteopathic Physicians
207RC0001X,Allopathic & Osteopathic Physicians
207RC0200X,Allopathic & Osteopathic Physicians
207RE0101X,Allopathic & Osteopathic Physicians
207RG0100X,Allopathic & Osteopathic Physicians
207RG0300X,Allopathic & Osteopathic Physicians
207RH0000X,Allopathic & Osteopathic Physicians
207RH0003X,Allopathic & Osteopathic Physicians
207RI0008X,Allopathic & Osteopathic Physicians
207RH0002X,Allopathic & Osteopathic Physicians
207RH0005X,Allopathic & Osteopathic Physicians
207RI0200X,Allopathic & Osteopathic Physicians
207RI0011X,Allopathic & Osteopathic Physicians
207RM1200X,Allopathic & Osteopathic Physicians
207RX0202X,Allopathic & Osteopathic Physicians
207RN0300X,Allopathic & Osteopathic Physicians
207RB0002X,Allopathic & Osteopathic Physicians
207RP1001X,Allopathic & Osteopathic Physicians
207RR0500X,Allopathic & Osteopathic Physicians
207RS0012X,Allopathic & Osteopathic Physicians
207RS0010X,Allopathic & Osteopathic Physicians
207RT0003X,Allopathic & Osteopathic Physicians
209800000X,Allopathic & Osteopathic Physicians
207SG0202X,Allopathic & Osteopathic Physicians
207SC0300X,Allopathic & Osteopathic Physicians
207SG0201X,Allopathic & Osteopathic Physicians
207SG0203X,Allopathic & Osteopathic Physicians
207SM0001X,Allopathic & Osteopathic Physicians
207SG0205X,Allopathic & Osteopathic Physicians
207T00000X,Allopathic & Osteopathic Physicians
204D00000X,Allopathic & Osteopathic Physicians
204C00000X,Allopathic & Osteopathic Physicians
207U00000X,Allopathic & Osteopathic Physicians
207UN0903X,Allopathic & Osteopathic Physicians
207UN0901X,Allopathic & Osteopathic Physicians
207UN0902X,Allopathic & Osteopathic Physicians
207V00000X,Allopathic & Osteopathic Physicians
207VC0200X,Allopathic & Osteopathic Physicians
207VF0040X,Allopathic & Osteopathic Physicians
207VX0201X,Allopathic & Osteopathic Physicians
207VG0400X,Allopathic & Osteopathic Physicians
207VH0002X,Allopathic & Osteopathic Physicians
207VM0101X,Allopathic & Osteopathic Physicians
207VB0002X,Allopathic & Osteopathic Physicians
207VX0000X,Allopathic & Osteopathic Physicians
207VE0102X,Allopathic & Osteopathic Physicians
207W00000X,Allopathic & Osteopathic Physicians
207WX0120X,Allopathic & Osteopathic Physicians
207WX0009X,Allopathic & Osteopathic Physicians
207WX0109X,Allopathic & Osteopathic Physicians
207WX0200X,Allopathic & Osteopathic Physicians
207WX0110X,Allopathic & Osteopathic Physicians
207WX0107X,Allopathic & Osteopathic Physicians
207WX0108X,Allopathic & Osteopathic Physicians
204E00000X,Allopathic & Osteopathic Physicians
207X00000X,Allopathic & Osteopathic Physicians
207XS0114X,Allopathic & Osteopathic Physicians
207XX0004X,Allopathic & Osteopathic Physicians
207XS0106X,Allopathic & Osteopathic Physicians
207XS0117X,Allopathic & Osteopathic Physicians
207XX0801X,Allopathic & Osteopathic Physicians
207XP3100X,Allopathic & Osteopathic Physicians
207XX0005X,Allopathic & Osteopathic Physicians
207Y00000X,Allopathic & Osteopathic Physicians
207YS0123X,Allopathic & Osteopathic Physicians
207YX0602X,Allopathic & Osteopathic Physicians
207YX0905X,Allopathic & Osteopathic Physicians
207YX0901X,Allopathic & Osteopathic Physicians
207YP0228X,Allopathic & Osteopathic Physicians
207YX0007X,Allopathic & Osteopathic Physicians
207YS0012X,Allopathic & Osteopathic Physicians
208VP0014X,Allopathic & Osteopathic Physicians
208VP0000X,Allopathic & Osteopathic Physicians
207ZP0101X,Allopathic & Osteopathic Physicians
207ZP0102X,Allopathic & Osteopathic Physicians
207ZB0001X,Allopathic & Osteopathic Physicians
207ZP0104X,Allopathic & Osteopathic Physicians
207ZC0008X,Allopathic & Osteopathic Physicians
207ZC0006X,Allopathic & Osteopathic Physicians
207ZP0105X,Allopathic & Osteopathic Physicians
207ZC0500X,Allopathic & Osteopathic Physicians
207ZD0900X,Allopathic & Osteopathic Physicians
207ZF0201X,Allopathic & Osteopathic Physicians
207ZH0000X,Allopathic & Osteopathic Physicians
207ZI0100X,Allopathic & Osteopathic Physicians
207ZM0300X,Allopathic & Osteopathic Physicians
207ZP0007X,Allopathic & Osteopathic Physicians
207ZN0500X,Allopathic & Osteopathic Physicians
207ZP0213X,Allopathic & Osteopathic Physicians
208000000X,Allopathic & Osteopathic Physicians
2080A0000X,Allopathic & Osteopathic Physicians
2080C0008X,Allopathic & Osteopathic Physicians
2080I0007X,Allopathic & Osteopathic Physicians
2080P0006X,Allopathic & Osteopathic Physicians
2080H0002X,Allopathic & Osteopathic Physicians
2080T0002X,Allopathic & Osteopathic Physicians
2080N0001X,Allopathic & Osteopathic Physicians
2080P0008X,Allopathic & Osteopathic Physicians
2080B0002X,Allopathic & Osteopathic Physicians
2080P0201X,Allopathic & Osteopathic Physicians
2080P0202X,Allopathic & Osteopathic Physicians
2080P0203X,Allopathic & Osteopathic Physicians
2080P0204X,Allopathic & Osteopathic Physicians
2080P0205X,Allopathic & Osteopathic Physicians
2080P0206X,Allopathic & Osteopathic Physicians
2080P0207X,Allopathic & Osteopathic Physicians
2080P0208X,Allopathic & Osteopathic Physicians
2080P0210X,Allopathic & Osteopathic Physicians
2080P0214X,Allopathic & Osteopathic Physicians
2080P0216X,Allopathic & Osteopathic Physicians
2080T0004X,Allopathic & Osteopathic Physicians
2080S0012X,Allopathic & Osteopathic Physicians
2080S0010X,Allopathic & Osteopathic Physicians
202K00000X,Allopathic & Osteopathic Physicians
208100000X,Allopathic & Osteopathic Physicians
2081P0301X,Allopathic & Osteopathic Physicians
2081H0002X,Allopathic & Osteopathic Physicians
2081N0008X,Allopathic & Osteopathic Physicians
2081P2900X,Allopathic & Osteopathic Physicians
2081P0010X,Allopathic & Osteopathic Physicians
2081P0004X,Allopathic & Osteopathic Physicians
2081S0010X,Allopathic & Osteopathic Physicians
208200000X,Allopathic & Osteopathic Physicians
2082S0099X,Allopathic & Osteopathic Physicians
2082S0105X,Allopathic & Osteopathic Physicians
2083A0300X,Allopathic & Osteopathic Physicians
2083A0100X,Allopathic & Osteopathic Physicians
2083C0008X,Allopathic & Osteopathic Physicians
2083T0002X,Allopathic & Osteopathic Physicians
2083B0002X,Allopathic & Osteopathic Physicians
2083X0100X,Allopathic & Osteopathic Physicians
2083P0500X,Allopathic & Osteopathic Physicians
2083P0901X,Allopathic & Osteopathic Physicians
2083S0010X,Allopathic & Osteopathic Physicians
2083P0011X,Allopathic & Osteopathic Physicians
2084A0401X,Allopathic & Osteopathic Physicians
2084P0802X,Allopathic & Osteopathic Physicians
2084B0040X,Allopathic & Osteopathic Physicians
2084P0301X,Allopathic & Osteopathic Physicians
2084P0804X,Allopathic & Osteopathic Physicians
2084N0600X,Allopathic & Osteopathic Physicians
2084D0003X,Allopathic & Osteopathic Physicians
2084F0202X,Allopathic & Osteopathic Physicians
2084P0805X,Allopathic & Osteopathic Physicians
2084H0002X,Allopathic & Osteopathic Physicians
2084A2900X,Allopathic & Osteopathic Physicians
2084P0005X,Allopathic & Osteopathic Physicians
2084N0400X,Allopathic & Osteopathic Physicians
2084N0402X,Allopathic & Osteopathic Physicians
2084N0008X,Allopathic & Osteopathic Physicians
2084B0002X,Allopathic & Osteopathic Physicians
2084P2900X,Allopathic & Osteopathic Physicians
2084P0800X,Allopathic & Osteopathic Physicians
2084P0015X,Allopathic & Osteopathic Physicians
2084S0012X,Allopathic & Osteopathic Physicians
2084S0010X,Allopathic & Osteopathic Physicians
2084V0102X,Allopathic & Osteopathic Physicians
2085B0100X,Allopathic & Osteopathic Physicians
2085D0003X,Allopathic & Osteopathic Physicians
2085R0202X,Allopathic & Osteopathic Physicians
2085U0001X,Allopathic & Osteopathic Physicians
2085H0002X,Allopathic & Osteopathic Physicians
2085N0700X,Allopathic & Osteopathic Physicians
2085N0904X,Allopathic & Osteopathic Physicians
2085P0229X,Allopathic & Osteopathic Physicians
2085R0001X,Allopathic & Osteopathic Physicians
2085R0205X,Allopathic & Osteopathic Physicians
2085R0203X,Allopathic & Osteopathic Physicians
2085R0204X,Allopathic & Osteopathic Physicians
208600000X,Allopathic & Osteopathic Physicians
2086H0002X,Allopathic & Osteopathic Physicians
2086S0120X,Allopathic & Osteopathic Physicians
2086S0122X,Allopathic & Osteopathic Physicians
2086S0105X,Allopathic & Osteopathic Physicians
2086S0102X,Allopathic & Osteopathic Physicians
2086X0206X,Allopathic & Osteopathic Physicians
2086S0127X,Allopathic & Osteopathic Physicians
2086S0129X,Allopathic & Osteopathic Physicians
208G00000X,Allopathic & Osteopathic Physicians
204F00000X,Allopathic & Osteopathic Physicians
208800000X,Allopathic & Osteopathic Physicians
2088F0040X,Allopathic & Osteopathic Physicians
2088P0231X,Allopathic & Osteopathic Physicians
106E00000X,Behavioral Health & Social Service Providers
106S00000X,Behavioral Health & Social Service Providers
103K00000X,Behavioral Health & Social Service Providers
103G00000X,Behavioral Health & Social Service Providers
103GC0700X,Behavioral Health & Social Service Providers
101Y00000X,Behavioral Health & Social Service Providers
101YA0400X,Behavioral Health & Social Service Providers
101YM0800X,Behavioral Health & Social Service Providers
101YP1600X,Behavioral Health & Social Service Providers
101YP2500X,Behavioral Health & Social Service Providers
101YS0200X,Behavioral Health & Social Service Providers
101200000X,Behavioral Health & Social Service Providers
106H00000X,Behavioral Health & Social Service Providers
102X00000X,Behavioral Health & Social Service Providers
102L00000X,Behavioral Health & Social Service Providers
103T00000X,Behavioral Health & Social Service Providers
103TA0400X,Behavioral Health & Social Service Providers
103TA0700X,Behavioral Health & Social Service Providers
103TC0700X,Behavioral Health & Social Service Providers
103TC2200X,Behavioral Health & Social Service Providers
103TB0200X,Behavioral Health & Social Service Providers
103TC1900X,Behavioral Health & Social Service Providers
103TE1000X,Behavioral Health & Social Service Providers
103TE1100X,Behavioral Health & Social Service Providers
103TF0000X,Behavioral Health & Social Service Providers
103TF0200X,Behavioral Health & Social Service Providers
103TP2701X,Behavioral Health & Social Service Providers
103TH0004X,Behavioral Health & Social Service Providers
103TH0100X,Behavioral Health & Social Service Providers
103TM1700X,Behavioral Health & Social Service Providers
103TM1800X,Behavioral Health & Social Service Providers
103TP0016X,Behavioral Health & Social Service Providers
103TP0814X,Behavioral Health & Social Service Providers
103TP2700X,Behavioral Health & Social Service Providers
103TR0400X,Behavioral Health & Social Service Providers
103TS0200X,Behavioral Health & Social Service Providers
103TW0100X,Behavioral Health & Social Service Providers
104100000X,Behavioral Health & Social Service Providers
1041C0700X,Behavioral Health & Social Service Providers
1041S0200X,Behavioral Health & Social Service Providers
111N00000X,Chiropractic Providers
111NI0013X,Chiropractic Providers
111NI0900X,Chiropractic Providers
111NN0400X,Chiropractic Providers
111NN1001X,Chiropractic Providers
111NX0100X,Chiropractic Providers
111NX0800X,Chiropractic Providers
111NP0017X,Chiropractic Providers
111NR0200X,Chiropractic Providers
111NR0400X,Chiropractic Providers
111NS0005X,Chiropractic Providers
111NT0100X,Chiropractic Providers
125K00000X,Dental Providers
126800000X,Dental Providers
124Q00000X,Dental Providers
126900000X,Dental Providers
125J00000X,Dental Providers
122300000X,Dental Providers
1223D0001X,Dental Providers
1223D0004X,Dental Providers
1223E0200X,Dental Providers
1223G0001X,Dental Providers
1223P0106X,Dental Providers
1223X0008X,Dental Providers
1223S0112X,Dental Providers
1223X2210X,Dental Providers
1223X0400X,Dental Providers
1223P0221X,Dental Providers
1223P0300X,Dental Providers
1223P0700X,Dental Providers
122400000X,Dental Providers
125Q00000X,Dental Providers
132700000X,Dietary & Nutritional Service Providers
136A00000X,Dietary & Nutritional Service Providers
133V00000X,Dietary & Nutritional Service Providers
133VN1101X,Dietary & Nutritional Service Providers
133VN1006X,Dietary & Nutritional Service Providers
133VN1201X,Dietary & Nutritional Service Providers
133VN1301X,Dietary & Nutritional Service Providers
133VN1004X,Dietary & Nutritional Service Providers
133VN1401X,Dietary & Nutritional Service Providers
133VN1005X,Dietary & Nutritional Service Providers
133VN1501X,Dietary & Nutritional Service Providers
133N00000X,Dietary & Nutritional Service Providers
133NN1002X,Dietary & Nutritional Service Providers
146N00000X,Emergency Medical Service Providers
146M00000X,Emergency Medical Service Providers
146L00000X,Emergency Medical Service Providers
146D00000X,Emergency Medical Service Providers
152W00000X,Eye and Vision Services Providers
152WC0802X,Eye and Vision Services Providers
152WL0500X,Eye and Vision Services Providers
152WX0102X,Eye and Vision Services Providers
152WP0200X,Eye and Vision Services Providers
152WS0006X,Eye and Vision Services Providers
152WV0400X,Eye and Vision Services Providers
156F00000X,Eye and Vision Services Providers
156FC0800X,Eye and Vision Services Providers
156FC0801X,Eye and Vision Services Providers
156FX1700X,Eye and Vision Services Providers
156FX1100X,Eye and Vision Services Providers
156FX1101X,Eye and Vision Services Providers
156FX1800X,Eye and Vision Services Providers
156FX1201X,Eye and Vision Services Providers
156FX1202X,Eye and Vision Services Providers
156FX1900X,Eye and Vision Services Providers
164W00000X,Nursing Service Providers
167G00000X,Nursing Service Providers
164X00000X,Nursing Service Providers
163W00000X,Nursing Service Providers
163WA0400X,Nursing Service Providers
163WA2000X,Nursing Service Providers
163WP2201X,Nursing Service Providers
163WC3500X,Nursing Service Providers
163WC0400X,Nursing Service Providers
163WC1400X,Nursing Service Providers
163WC1500X,Nursing Service Providers
163WC2100X,Nursing Service Providers
163WC1600X,Nursing Service Providers
163WC0200X,Nursing Service Providers
163WD0400X,Nursing Service Providers
163WD1100X,Nursing Service Providers
163WE0003X,Nursing Service Providers
163WE0900X,Nursing Service Providers
163WF0300X,Nursing Service Providers
163WG0100X,Nursing Service Providers
163WG0000X,Nursing Service Providers
163WG0600X,Nursing Service Providers
163WH0500X,Nursing Service Providers
163WH0200X,Nursing Service Providers
163WH1000X,Nursing Service Providers
163WI0600X,Nursing Service Providers
163WI0500X,Nursing Service Providers
163WL0100X,Nursing Service Providers
163WM0102X,Nursing Service Providers
163WM0705X,Nursing Service Providers
163WN0002X,Nursing Service Providers
163WN0003X,Nursing Service Providers
163WN0300X,Nursing Service Providers
163WN0800X,Nursing Service Providers
163WM1400X,Nursing Service Providers
163WN1003X,Nursing Service Providers
163WX0002X,Nursing Service Providers
163WX0003X,Nursing Service Providers
163WX0106X,Nursing Service Providers
163WX0200X,Nursing Service Providers
163WX1100X,Nursing Service Providers
163WX0800X,Nursing Service Providers
163WX1500X,Nursing Service Providers
163WX0601X,Nursing Service Providers
163WP0000X,Nursing Service Providers
163WP0218X,Nursing Service Providers
163WP0200X,Nursing Service Providers
163WP1700X,Nursing Service Providers
163WS0121X,Nursing Service Providers
163WP0808X,Nursing Service Providers
163WP0809X,Nursing Service Providers
163WP0807X,Nursing Service Providers
163WR0006X,Nursing Service Providers
163WR0400X,Nursing Service Providers
163WR1000X,Nursing Service Providers
163WS0200X,Nursing Service Providers
163WU0100X,Nursing Service Providers
163WW0101X,Nursing Service Providers
163WW0000X,Nursing Service Providers
372600000X,Nursing Service Related Providers
372500000X,Nursing Service Related Providers
373H00000X,Nursing Service Related Providers
374J00000X,Nursing Service Related Providers
374U00000X,Nursing Service Related Providers
376J00000X,Nursing Service Related Providers
376K00000X,Nursing Service Related Providers
376G00000X,Nursing Service Related Providers
374T00000X,Nursing Service Related Providers
374K00000X,Nursing Service Related Providers
374700000X,Nursing Service Related Providers
3747A0650X,Nursing Service Related Providers
3747P1801X,Nursing Service Related Providers
171100000X,Other Service Providers
171M00000X,Other Service Providers
174V00000X,Other Service Providers
172V00000X,Other Service Providers
171W00000X,Other Service Providers
171WH0202X,Other Service Providers
171WV0202X,Other Service Providers
172A00000X,Other Service Providers
176P00000X,Other Service Providers
170300000X,Other Service Providers
171400000X,Other Service Providers
174H00000X,Other Service Providers
175L00000X,Other Service Providers
171R00000X,Other Service Providers
174N00000X,Other Service Providers
175M00000X,Other Service Providers
173000000X,Other Service Providers
172M00000X,Other Service Providers
176B00000X,Other Service Providers
171000000X,Other Service Providers
1710I1002X,Other Service Providers
1710I1003X,Other Service Providers
172P00000X,Other Service Providers
175F00000X,Other Service Providers
175T00000X,Other Service Providers
170100000X,Other Service Providers
405300000X,Other Service Providers
173C00000X,Other Service Providers
173F00000X,Other Service Providers
174400000X,Other Service Providers
1744G0900X,Other Service Providers
1744P3200X,Other Service Providers
1744R1103X,Other Service Providers
1744R1102X,Other Service Providers
174M00000X,Other Service Providers
174MM1900X,Other Service Providers
183500000X,Pharmacy Service Providers
1835P2201X,Pharmacy Service Providers
1835C0205X,Pharmacy Service Providers
1835G0000X,Pharmacy Service Providers
1835G0303X,Pharmacy Service Providers
1835N0905X,Pharmacy Service Providers
1835N1003X,Pharmacy Service Providers
1835X0200X,Pharmacy Service Providers
1835P0200X,Pharmacy Service Providers
1835P0018X,Pharmacy Service Providers
1835P1200X,Pharmacy Service Providers
1835P1300X,Pharmacy Service Providers
183700000X,Pharmacy Service Providers
367A00000X,Physician Assistants & Advanced Practice Nursing Providers
367H00000X,Physician Assistants & Advanced Practice Nursing Providers
364S00000X,Physician Assistants & Advanced Practice Nursing Providers
364SA2100X,Physician Assistants & Advanced Practice Nursing Providers
364SA2200X,Physician Assistants & Advanced Practice Nursing Providers
364SC2300X,Physician Assistants & Advanced Practice Nursing Providers
364SC1501X,Physician Assistants & Advanced Practice Nursing Providers
364SC0200X,Physician Assistants & Advanced Practice Nursing Providers
364SE0003X,Physician Assistants & Advanced Practice Nursing Providers
364SE1400X,Physician Assistants & Advanced Practice Nursing Providers
364SF0001X,Physician Assistants & Advanced Practice Nursing Providers
364SG0600X,Physician Assistants & Advanced Practice Nursing Providers
364SH1100X,Physician Assistants & Advanced Practice Nursing Providers
364SH0200X,Physician Assistants & Advanced Practice Nursing Providers
364SI0800X,Physician Assistants & Advanced Practice Nursing Providers
364SL0600X,Physician Assistants & Advanced Practice Nursing Providers
364SM0705X,Physician Assistants & Advanced Practice Nursing Providers
364SN0000X,Physician Assistants & Advanced Practice Nursing Providers
364SN0800X,Physician Assistants & Advanced Practice Nursing Providers
364SX0106X,Physician Assistants & Advanced Practice Nursing Providers
364SX0200X,Physician Assistants & Advanced Practice Nursing Providers
364SX0204X,Physician Assistants & Advanced Practice Nursing Providers
364SP0200X,Physician Assistants & Advanced Practice Nursing Providers
364SP1700X,Physician Assistants & Advanced Practice Nursing Providers
364SP2800X,Physician Assistants & Advanced Practice Nursing Providers
364SP0808X,Physician Assistants & Advanced Practice Nursing Providers
364SP0809X,Physician Assistants & Advanced Practice Nursing Providers
364SP0807X,Physician Assistants & Advanced Practice Nursing Providers
364SP0810X,Physician Assistants & Advanced Practice Nursing Providers
364SP0811X,Physician Assistants & Advanced Practice Nursing Providers
364SP0812X,Physician Assistants & Advanced Practice Nursing Providers
364SP0813X,Physician Assistants & Advanced Practice Nursing Providers
364SR0400X,Physician Assistants & Advanced Practice Nursing Providers
364SS0200X,Physician Assistants & Advanced Practice Nursing Providers
364ST0500X,Physician Assistants & Advanced Practice Nursing Providers
364SW0102X,Physician Assistants & Advanced Practice Nursing Providers
367500000X,Physician Assistants & Advanced Practice Nursing Providers
363L00000X,Physician Assistants & Advanced Practice Nursing Providers
363LA2100X,Physician Assistants & Advanced Practice Nursing Providers
363LA2200X,Physician Assistants & Advanced Practice Nursing Providers
363LC1500X,Physician Assistants & Advanced Practice Nursing Providers
363LC0200X,Physician Assistants & Advanced Practice Nursing Providers
363LF0000X,Physician Assistants & Advanced Practice Nursing Providers
363LG0600X,Physician Assistants & Advanced Practice Nursing Providers
363LN0000X,Physician Assistants & Advanced Practice Nursing Providers
363LN0005X,Physician Assistants & Advanced Practice Nursing Providers
363LX0001X,Physician Assistants & Advanced Practice Nursing Providers
363LX0106X,Physician Assistants & Advanced Practice Nursing Providers
363LP0200X,Physician Assistants & Advanced Practice Nursing Providers
363LP0222X,Physician Assistants & Advanced Practice Nursing Providers
363LP1700X,Physician Assistants & Advanced Practice Nursing Providers
363LP2300X,Physician Assistants & Advanced Practice Nursing Providers
363LP0808X,Physician Assistants & Advanced Practice Nursing Providers
363LS0200X,Physician Assistants & Advanced Practice Nursing Providers
363LW0102X,Physician Assistants & Advanced Practice Nursing Providers
363A00000X,Physician Assistants & Advanced Practice Nursing Providers
363AM0700X,Physician Assistants & Advanced Practice Nursing Providers
363AS0400X,Physician Assistants & Advanced Practice Nursing Providers
211D00000X,Podiatric Medicine & Surgery Service Providers
213E00000X,Podiatric Medicine & Surgery Service Providers
213ES0103X,Podiatric Medicine & Surgery Service Providers
213ES0131X,Podiatric Medicine & Surgery Service Providers
213EG0000X,Podiatric Medicine & Surgery Service Providers
213EP1101X,Podiatric Medicine & Surgery Service Providers
213EP0504X,Podiatric Medicine & Surgery Service Providers
213ER0200X,Podiatric Medicine & Surgery Service Providers
213ES0000X,Podiatric Medicine & Surgery Service Providers
229N00000X,"Respiratory, Developmental, Rehabilitative and Restorative Service Providers"
221700000X,"Respiratory, Developmental, Rehabilitative and Restorative Service Providers"
224Y00000X,"Respiratory, Developmental, Rehabilitative and Restorative Service Providers"
225600000X,"Respiratory, Developmental, Rehabilitative and Restorative Service Providers"
222Q00000X,"Respiratory, Developmental, Rehabilitative and Restorative Service Providers"
226300000X,"Respiratory, Developmental, Rehabilitative and Restorative Service Providers"
225700000X,"Respiratory, Developmental, Rehabilitative and Restorative Service Providers"
224900000X,"Respiratory, Developmental, Rehabilitative and Restorative Service Providers"
225A00000X,"Respiratory, Developmental, Rehabilitative and Restorative Service Providers"
225X00000X,"Respiratory, Developmental, Rehabilitative and Restorative Service Providers"
225XR0403X,"Respiratory, Developmental, Rehabilitative and Restorative Service Providers"
225XE0001X,"Respiratory, Developmental, Rehabilitative and Restorative Service Providers"
225XE1200X,"Respiratory, Developmental, Rehabilitative and Restorative Service Providers"
225XF0002X,"Respiratory, Developmental, Rehabilitative and Restorative Service Providers"
225XG0600X,"Respiratory, Developmental, Rehabilitative and Restorative Service Providers"
225XH1200X,"Respiratory, Developmental, Rehabilitative and Restorative Service Providers"
225XH1300X,"Respiratory, Developmental, Rehabilitative and Restorative Service Providers"
225XL0004X,"Respiratory, Developmental, Rehabilitative and Restorative Service Providers"
225XM0800X,"Respiratory, Developmental, Rehabilitative and Restorative Service Providers"
225XN1300X,"Respiratory, Developmental, Rehabilitative and Restorative Service Providers"
225XP0200X,"Respiratory, Developmental, Rehabilitative and Restorative Service Providers"
225XP0019X,"Respiratory, Developmental, Rehabilitative and Restorative Service Providers"
224Z00000X,"Respiratory, Developmental, Rehabilitative and Restorative Service Providers"
224ZR0403X,"Respiratory, Developmental, Rehabilitative and Restorative Service Providers"
224ZE0001X,"Respiratory, Developmental, Rehabilitative and Restorative Service Providers"
224ZF0002X,"Respiratory, Developmental, Rehabilitative and Restorative Service Providers"
224ZL0004X,"Respiratory, Developmental, Rehabilitative and Restorative Service Providers"
225000000X,"Respiratory, Developmental, Rehabilitative and Restorative Service Providers"
222Z00000X,"Respiratory, Developmental, Rehabilitative and Restorative Service Providers"
224L00000X,"Respiratory, Developmental, Rehabilitative and Restorative Service Providers"
225100000X,"Respiratory, Developmental, Rehabilitative and Restorative Service Providers"
2251C2600X,"Respiratory, Developmental, Rehabilitative and Restorative Service Providers"
2251E1300X,"Respiratory, Developmental, Rehabilitative and Restorative Service Providers"
2251E1200X,"Respiratory, Developmental, Rehabilitative and Restorative Service Providers"
2251G0304X,"Respiratory, Developmental, Rehabilitative and Restorative Service Providers"
2251H1200X,"Respiratory, Developmental, Rehabilitative and Restorative Service Providers"
2251H1300X,"Respiratory, Developmental, Rehabilitative and Restorative Service Providers"
2251N0400X,"Respiratory, Developmental, Rehabilitative and Restorative Service Providers"
2251X0800X,"Respiratory, Developmental, Rehabilitative and Restorative Service Providers"
2251P0200X,"Respiratory, Developmental, Rehabilitative and Restorative Service Providers"
2251S0007X,"Respiratory, Developmental, Rehabilitative and Restorative Service Providers"
225200000X,"Respiratory, Developmental, Rehabilitative and Restorative Service Providers"
224P00000X,"Respiratory, Developmental, Rehabilitative and Restorative Service Providers"
225B00000X,"Respiratory, Developmental, Rehabilitative and Restorative Service Providers"
225800000X,"Respiratory, Developmental, Rehabilitative and Restorative Service Providers"
226000000X,"Respiratory, Developmental, Rehabilitative and Restorative Service Providers"
225C00000X,"Respiratory, Developmental, Rehabilitative and Restorative Service Providers"
225CA2400X,"Respiratory, Developmental, Rehabilitative and Restorative Service Providers"
225CA2500X,"Respiratory, Developmental, Rehabilitative and Restorative Service Providers"
225CX0006X,"Respiratory, Developmental, Rehabilitative and Restorative Service Providers"
225400000X,"Respiratory, Developmental, Rehabilitative and Restorative Service Providers"
227800000X,"Respiratory, Developmental, Rehabilitative and Restorative Service Providers"
2278C0205X,"Respiratory, Developmental, Rehabilitative and Restorative Service Providers"
2278E1000X,"Respiratory, Developmental, Rehabilitative and Restorative Service Providers"
2278E0002X,"Respiratory, Developmental, Rehabilitative and Restorative Service Providers"
2278G1100X,"Respiratory, Developmental, Rehabilitative and Restorative Service Providers"
2278G0305X,"Respiratory, Developmental, Rehabilitative and Restorative Service Providers"
2278H0200X,"Respiratory, Developmental, Rehabilitative and Restorative Service Providers"
2278P3900X,"Respiratory, Developmental, Rehabilitative and Restorative Service Providers"
2278P3800X,"Respiratory, Developmental, Rehabilitative and Restorative Service Providers"
2278P4000X,"Respiratory, Developmental, Rehabilitative and Restorative Service Providers"
2278P1004X,"Respiratory, Developmental, Rehabilitative and Restorative Service Providers"
2278P1006X,"Respiratory, Developmental, Rehabilitative and Restorative Service Providers"
2278P1005X,"Respiratory, Developmental, Rehabilitative and Restorative Service Providers"
2278S1500X,"Respiratory, Developmental, Rehabilitative and Restorative Service Providers"
227900000X,"Respiratory, Developmental, Rehabilitative and Restorative Service Providers"
2279C0205X,"Respiratory, Developmental, Rehabilitative and Restorative Service Providers"
2279E1000X,"Respiratory, Developmental, Rehabilitative and Restorative Service Providers"
2279E0002X,"Respiratory, Developmental, Rehabilitative and Restorative Service Providers"
2279G1100X,"Respiratory, Developmental, Rehabilitative and Restorative Service Providers"
2279G0305X,"Respiratory, Developmental, Rehabilitative and Restorative Service Providers"
2279H0200X,"Respiratory, Developmental, Rehabilitative and Restorative Service Providers"
2279P3900X,"Respiratory, Developmental, Rehabilitative and Restorative Service Providers"
2279P3800X,"Respiratory, Developmental, Rehabilitative and Restorative Service Providers"
2279P4000X,"Respiratory, Developmental, Rehabilitative and Restorative Service Providers"
2279P1004X,"Respiratory, Developmental, Rehabilitative and Restorative Service Providers"
2279P1006X,"Respiratory, Developmental, Rehabilitative and Restorative Service Providers"
2279P1005X,"Respiratory, Developmental, Rehabilitative and Restorative Service Providers"
2279S1500X,"Respiratory, Developmental, Rehabilitative and Restorative Service Providers"
225500000X,"Respiratory, Developmental, Rehabilitative and Restorative Service Providers"
2255A2300X,"Respiratory, Developmental, Rehabilitative and Restorative Service Providers"
2255R0406X,"Respiratory, Developmental, Rehabilitative and Restorative Service Providers"
231H00000X,"Speech, Language and Hearing Service Providers"
231HA2400X,"Speech, Language and Hearing Service Providers"
231HA2500X,"Speech, Language and Hearing Service Providers"
237600000X,"Speech, Language and Hearing Service Providers"
237700000X,"Speech, Language and Hearing Service Providers"
235500000X,"Speech, Language and Hearing Service Providers"
2355A2700X,"Speech, Language and Hearing Service Providers"
2355S0801X,"Speech, Language and Hearing Service Providers"
235Z00000X,"Speech, Language and Hearing Service Providers"
390200000X,"Student, Health Care"
242T00000X,"Technologists, Technicians & Other Technical Service Providers"
247100000X,"Technologists, Technicians & Other Technical Service Providers"
2471B0102X,"Technologists, Technicians & Other Technical Service Providers"
2471C1106X,"Technologists, Technicians & Other Technical Service Providers"
2471C1101X,"Technologists, Technicians & Other Technical Service Providers"
2471C3401X,"Technologists, Technicians & Other Technical Service Providers"
2471M1202X,"Technologists, Technicians & Other Technical Service Providers"
2471M2300X,"Technologists, Technicians & Other Technical Service Providers"
2471N0900X,"Technologists, Technicians & Other Technical Service Providers"
2471Q0001X,"Technologists, Technicians & Other Technical Service Providers"
2471R0002X,"Technologists, Technicians & Other Technical Service Providers"
2471C3402X,"Technologists, Technicians & Other Technical Service Providers"
2471S1302X,"Technologists, Technicians & Other Technical Service Providers"
2471V0105X,"Technologists, Technicians & Other Technical Service Providers"
2471V0106X,"Technologists, Technicians & Other Technical Service Providers"
243U00000X,"Technologists, Technicians & Other Technical Service Providers"
246X00000X,"Technologists, Technicians & Other Technical Service Providers"
246XC2901X,"Technologists, Technicians & Other Technical Service Providers"
246XS1301X,"Technologists, Technicians & Other Technical Service Providers"
246XC2903X,"Technologists, Technicians & Other Technical Service Providers"
246Y00000X,"Technologists, Technicians & Other Technical Service Providers"
246YC3301X,"Technologists, Technicians & Other Technical Service Providers"
246YC3302X,"Technologists, Technicians & Other Technical Service Providers"
246YR1600X,"Technologists, Technicians & Other Technical Service Providers"
246Z00000X,"Technologists, Technicians & Other Technical Service Providers"
246ZA2600X,"Technologists, Technicians & Other Technical Service Providers"
246ZB0500X,"Technologists, Technicians & Other Technical Service Providers"
246ZB0301X,"Technologists, Technicians & Other Technical Service Providers"
246ZB0302X,"Technologists, Technicians & Other Technical Service Providers"
246ZB0600X,"Technologists, Technicians & Other Technical Service Providers"
246ZE0500X,"Technologists, Technicians & Other Technical Service Providers"
246ZE0600X,"Technologists, Technicians & Other Technical Service Providers"
246ZG1000X,"Technologists, Technicians & Other Technical Service Providers"
246ZG0701X,"Technologists, Technicians & Other Technical Service Providers"
246ZI1000X,"Technologists, Technicians & Other Technical Service Providers"
246ZN0300X,"Technologists, Technicians & Other Technical Service Providers"
246ZX2200X,"Technologists, Technicians & Other Technical Service Providers"
246ZC0007X,"Technologists, Technicians & Other Technical Service Providers"
246ZS0410X,"Technologists, Technicians & Other Technical Service Providers"
246Q00000X,"Technologists, Technicians & Other Technical Service Providers"
246QB0000X,"Technologists, Technicians & Other Technical Service Providers"
246QC1000X,"Technologists, Technicians & Other Technical Service Providers"
246QC2700X,"Technologists, Technicians & Other Technical Service Providers"
246QH0401X,"Technologists, Technicians & Other Technical Service Providers"
246QH0000X,"Technologists, Technicians & Other Technical Service Providers"
246QH0600X,"Technologists, Technicians & Other Technical Service Providers"
246QI0000X,"Technologists, Technicians & Other Technical Service Providers"
246QL0900X,"Technologists, Technicians & Other Technical Service Providers"
246QL0901X,"Technologists, Technicians & Other Technical Service Providers"
246QM0706X,"Technologists, Technicians & Other Technical Service Providers"
246QM0900X,"Technologists, Technicians & Other Technical Service Providers"
246W00000X,"Technologists, Technicians & Other Technical Service Providers"
247000000X,"Technologists, Technicians & Other Technical Service Providers"
2470A2800X,"Technologists, Technicians & Other Technical Service Providers"
247200000X,"Technologists, Technicians & Other Technical Service Providers"
2472B0301X,"Technologists, Technicians & Other Technical Service Providers"
2472D0500X,"Technologists, Technicians & Other Technical Service Providers"
2472E0500X,"Technologists, Technicians & Other Technical Service Providers"
2472R0900X,"Technologists, Technicians & Other Technical Service Providers"
2472V0600X,"Technologists, Technicians & Other Technical Service Providers"
246R00000X,"Technologists, Technicians & Other Technical Service Providers"
247ZC0005X,"Technologists, Technicians & Other Technical Service Providers"
246RH0600X,"Technologists, Technicians & Other Technical Service Providers"
246RM2200X,"Technologists, Technicians & Other Technical Service Providers"
246RP1900X,"Technologists, Technicians & Other Technical Service Providers"
251B00000X,Agencies
251S00000X,Agencies
251C00000X,Agencies
252Y00000X,Agencies
253J00000X,Agencies
251E00000X,Agencies
251F00000X,Agencies
251G00000X,Agencies
253Z00000X,Agencies
251300000X,Agencies
251J00000X,Agencies
251T00000X,Agencies
251K00000X,Agencies
251X00000X,Agencies
251V00000X,Agencies
261Q00000X,Ambulatory Health Care Facilities
261QM0855X,Ambulatory Health Care Facilities
261QA0600X,Ambulatory Health Care Facilities
261QM0850X,Ambulatory Health Care Facilities
261QA0005X,Ambulatory Health Care Facilities
261QA0006X,Ambulatory Health Care Facilities
261QA1903X,Ambulatory Health Care Facilities
261QA0900X,Ambulatory Health Care Facilities
261QA3000X,Ambulatory Health Care Facilities
261QB0400X,Ambulatory Health Care Facilities
261QC1500X,Ambulatory Health Care Facilities
261QC1800X,Ambulatory Health Care Facilities
261QC0050X,Ambulatory Health Care Facilities
261QD0000X,Ambulatory Health Care Facilities
261QD1600X,Ambulatory Health Care Facilities
261QE0002X,Ambulatory Health Care Facilities
261QE0700X,Ambulatory Health Care Facilities
261QE0800X,Ambulatory Health Care Facilities
261QF0050X,Ambulatory Health Care Facilities
261QF0400X,Ambulatory Health Care Facilities
261QG0250X,Ambulatory Health Care Facilities
261QH0100X,Ambulatory Health Care Facilities
261QH0700X,Ambulatory Health Care Facilities
261QI0500X,Ambulatory Health Care Facilities
261QL0400X,Ambulatory Health Care Facilities
261QM1200X,Ambulatory Health Care Facilities
261QM2500X,Ambulatory Health Care Facilities
261QM3000X,Ambulatory Health Care Facilities
261QM0801X,Ambulatory Health Care Facilities
261QM2800X,Ambulatory Health Care Facilities
261QM1000X,Ambulatory Health Care Facilities
261QM1103X,Ambulatory Health Care Facilities
261QM1101X,Ambulatory Health Care Facilities
261QM1102X,Ambulatory Health Care Facilities
261QM1100X,Ambulatory Health Care Facilities
261QM1300X,Ambulatory Health Care Facilities
261QX0100X,Ambulatory Health Care Facilities
261QX0200X,Ambulatory Health Care Facilities
261QX0203X,Ambulatory Health Care Facilities
261QS0132X,Ambulatory Health Care Facilities
261QS0112X,Ambulatory Health Care Facilities
261QP3300X,Ambulatory Health Care Facilities
261QP2000X,Ambulatory Health Care Facilities
261QP1100X,Ambulatory Health Care Facilities
261QP2300X,Ambulatory Health Care Facilities
261QP2400X,Ambulatory Health Care Facilities
261QP0904X,Ambulatory Health Care Facilities
261QP0905X,Ambulatory Health Care Facilities
261QR0200X,Ambulatory Health Care Facilities
261QR0206X,Ambulatory Health Care Facilities
261QR0208X,Ambulatory Health Care Facilities
261QR0207X,Ambulatory Health Care Facilities
261QR0800X,Ambulatory Health Care Facilities
261QR0400X,Ambulatory Health Care Facilities
261QR0404X,Ambulatory Health Care Facilities
261QR0401X,Ambulatory Health Care Facilities
261QR0405X,Ambulatory Health Care Facilities
261QR1100X,Ambulatory Health Care Facilities
261QR1300X,Ambulatory Health Care Facilities
261QS1200X,Ambulatory Health Care Facilities
261QS1000X,Ambulatory Health Care Facilities
261QU0200X,Ambulatory Health Care Facilities
261QV0200X,Ambulatory Health Care Facilities
273100000X,Hospital Units
275N00000X,Hospital Units
273R00000X,Hospital Units
273Y00000X,Hospital Units
276400000X,Hospital Units
287300000X,Hospitals
281P00000X,Hospitals
281PC2000X,Hospitals
282N00000X,Hospitals
282NC2000X,Hospitals
282NC0060X,Hospitals
282NR1301X,Hospitals
282NW0100X,Hospitals
282E00000X,Hospitals
286500000X,Hospitals
2865C1500X,Hospitals
2865M2000X,Hospitals
2865X1600X,Hospitals
283Q00000X,Hospitals
283X00000X,Hospitals
283XC2000X,Hospitals
282J00000X,Hospitals
284300000X,Hospitals
291U00000X,Laboratories
292200000X,Laboratories
291900000X,Laboratories
293D00000X,Laboratories
302F00000X,Managed Care Organizations
302R00000X,Managed Care Organizations
305S00000X,Managed Care Organizations
305R00000X,Managed Care Organizations
311500000X,Nursing & Custodial Care Facilities
310400000X,Nursing & Custodial Care Facilities
3104A0630X,Nursing & Custodial Care Facilities
3104A0625X,Nursing & Custodial Care Facilities
317400000X,Nursing & Custodial Care Facilities
311Z00000X,Nursing & Custodial Care Facilities
311ZA0620X,Nursing & Custodial Care Facilities
315D00000X,Nursing & Custodial Care Facilities
315P00000X,Nursing & Custodial Care Facilities
310500000X,Nursing & Custodial Care Facilities
313M00000X,Nursing & Custodial Care Facilities
314000000X,Nursing & Custodial Care Facilities
3140N1450X,Nursing & Custodial Care Facilities
177F00000X,Other Service Providers
174200000X,Other Service Providers
320800000X,Residential Treatment Facilities
320900000X,Residential Treatment Facilities
323P00000X,Residential Treatment Facilities
322D00000X,Residential Treatment Facilities
320600000X,Residential Treatment Facilities
320700000X,Residential Treatment Facilities
324500000X,Residential Treatment Facilities
3245S0500X,Residential Treatment Facilities
385H00000X,Respite Care Facility
385HR2050X,Respite Care Facility
385HR2055X,Respite Care Facility
385HR2060X,Respite Care Facility
385HR2065X,Respite Care Facility
331L00000X,Suppliers
332100000X,Suppliers
332B00000X,Suppliers
332BC3200X,Suppliers
332BD1200X,Suppliers
332BN1400X,Suppliers
332BX2000X,Suppliers
332BP3500X,Suppliers
333300000X,Suppliers
332G00000X,Suppliers
332H00000X,Suppliers
332S00000X,Suppliers
332U00000X,Suppliers
332800000X,Suppliers
335G00000X,Suppliers
332000000X,Suppliers
332900000X,Suppliers
335U00000X,Suppliers
333600000X,Suppliers
3336C0002X,Suppliers
3336C0003X,Suppliers
3336C0004X,Suppliers
3336H0001X,Suppliers
3336I0012X,Suppliers
3336L0003X,Suppliers
3336M0002X,Suppliers
3336M0003X,Suppliers
3336N0007X,Suppliers
3336S0011X,Suppliers
335V00000X,Suppliers
335E00000X,Suppliers
344800000X,Transportation Services
341600000X,Transportation Services
3416A0800X,Transportation Services
3416L0300X,Transportation Services
3416S0300X,Transportation Services
347B00000X,Transportation Services
341800000X,Transportation Services
3418M1120X,Transportation Services
3418M1110X,Transportation Services
3418M1130X,Transportation Services
343900000X,Transportation Services
347C00000X,Transportation Services
343800000X,Transportation Services
344600000X,Transportation Services
347D00000X,Transportation Services
347E00000X,Transportation Services
342000000X,Transportation Services
